diesel,land_value,total_income,44-45_RCPTOT,72_RCPTOT,num_firms,NAMELSAD
-0.7906141137312395,-0.848189938478644,-0.24769797448800662,-0.33379256299706067,-0.24539349829248494,2.0,Adelanto city
0.3141267670943881,0.308893601827475,0.02909958152472902,0.32689547808648584,0.037790429360872464,6.0,Alhambra city
-1.020432472151179,0.5869518965315204,0.02120815416835763,-0.2205877323075646,-0.11823269873611023,1.0,Aliso Viejo city
1.465234509706483,-0.5603872690397766,-0.22065744592234365,-0.27849938357891685,-0.22876621089850432,4.0,American Canyon city
-1.0204323164542175,0.131786998101906,0.9964653602887289,1.1550685541321928,2.710158371676875,10.0,Anaheim city
-2.1775880663006353,-0.7840234128415402,-0.2853875575890135,-0.2738655611049148,-0.2219611573792716,1.0,Anderson city
-0.7986779157810696,-0.6729164251716419,-0.1339604643479233,-0.21411592702687102,-0.21555667671779752,39.0,Antelope CDP
0.7192335803980681,-0.6614842810575051,0.13705840280719997,0.037922676845196894,-0.10553852144842622,1.0,Antioch city
-0.7906141137312395,-0.8085192235987158,-0.06837363711834077,-0.1158036329198521,-0.1589904013802169,4.0,Apple Valley town
0.3141267670943881,1.5078821029951268,0.002848984996067159,-0.012128259031447165,0.050875809380987395,3.0,Arcadia city
2.78165019433993,-0.26420019379243265,-0.2207749987525378,-0.22972570795721126,-0.19036977983697478,2.0,Arroyo Grande city
0.3141267670943881,0.1740885687941524,-0.26381053902003265,-0.2773076273299799,-0.15901851175619994,3.0,Artesia city
1.5095854209805084,-0.8158885773799499,-0.28710200845064854,-0.31498733483417185,-0.24527051539755906,11.0,Arvin city
2.781650194339939,-0.5070489444080538,-0.16368794938543532,-0.23411715130676305,-0.17558020827288678,1.0,Atascadero city
-0.9438263526778599,-0.7799231839452109,-0.22499240008247054,-0.2584596471640903,-0.21806318524295382,14.0,Atwater city
0.3141267670943881,-0.16400612733447414,-0.16341369485495433,-0.18394431922321614,-0.16866388451538777,3.0,Azusa city
1.5095854209805084,-0.7543229214992542,1.0430729419242997,1.8135755364180255,0.8660298622631205,441.0,Bakersfield city
0.3141267670943881,-0.22621610079955062,-0.12767622703128112,-0.01615472040496815,-0.13010113372929183,11.0,Baldwin Park city
0.719332820097934,-0.6175030119195698,-0.23979815637368507,-0.3345493794468748,-0.248984598824321,2.0,Bay Point CDP
-1.0022889175390768,-0.7418388970578478,-0.1162753535925365,-0.18305253363996177,-0.18925473492298003,7.0,Beaumont city
0.3141267670943881,-0.09102197670417266,-0.06542454257136084,-0.15659434361760782,-0.11546968303010852,6.0,Bellflower city
1.011645644403992,1.7903545107558765,-0.01756327114562977,-0.23688967169970962,-0.1673485531725137,1.0,Belmont city
-0.8389969260301665,-0.3435581342740201,-0.13052608977579672,-0.26053753583886013,-0.1831934351016325,1.0,Benicia city
0.3141267670943881,8.377496069385442,0.04521991906527507,0.9989382391736165,0.855268273324272,1.0,Beverly Hills city
-0.7906141137312395,-0.7621292487547875,-0.27097773954239013,-0.35004715719579993,-0.2556760395739555,1.0,Big Bear City CDP
-0.7906250473202145,-0.6544806328963547,-0.26211645025781505,-0.33192207453519507,-0.25156606835209877,5.0,Bloomington CDP
-0.8248852724429839,-0.32079947631563094,-0.24032687825206334,-0.35427819220351436,-0.23242992990162994,1.0,Bonita CDP
-1.0204187321851685,0.3140453699882391,-0.04472529670974526,0.0573663584743855,0.09543661164246903,1.0,Brea city
0.5459610760267696,-0.4783577811418023,-0.2883138068537203,-0.2989351943355929,-0.2038896994191612,1.0,Buellton city
-1.020370884083007,0.048322731948825054,0.003881037515786094,0.30023801426502117,0.08718855882277252,6.0,Buena Park city
0.3141267670943881,0.587264247733717,0.30295418380629835,0.6068186342628403,0.6139793472766693,5.0,Burbank city
1.249527804873744,0.00495524177828736,0.09718977597884969,0.12545157317055028,-0.004710116594183984,2.0,Camarillo city
-0.8248852724429839,0.24676023124039068,0.5426660848816321,0.741334455142341,0.5987634350101715,3.0,Carlsbad city
1.6769093135143114,0.33467419966456324,-0.27443529085708385,-0.3503149755286473,-0.22104405636282423,1.0,Carmel Valley Village CDP
-0.7986779157810696,-0.5447149949118828,0.07509368615857138,-0.20982306060985803,-0.17282070636388294,3.0,Carmichael CDP
0.5459610760267696,0.530946258250275,-0.24511190650468082,-0.32314342770415766,-0.1902104877064041,1.0,Carpinteria city
0.3141267670943881,-0.0837334414311495,0.03935469297751866,0.3788335085749214,0.01991574403264349,2.0,Carson city
0.3141267670943881,-0.36860499235788985,-0.21648531520058037,-0.30225677764311054,-0.2309799030071704,2.0,Castaic CDP
1.6769093135143114,-0.529157113181563,-0.3030480258162258,-0.3495390796725354,-0.2513048761085895,2.0,Castroville CDP
-1.0022889175390768,-0.6462267814277413,-0.13393308644151894,0.021105240160671463,-0.13088822425681754,1.0,Cathedral City city
-0.21002036614405153,-0.7272441293571582,-0.1909088956169555,-0.20007065741295332,-0.18097740046163452,34.0,Ceres city
0.3138221733842797,0.4154902732243009,-0.04157336704827091,1.0632305385622394,0.11461608692257842,4.0,Cerritos city
-1.0022884182298397,-0.7513378230919778,-0.2823195939710732,-0.3556169305454125,-0.2514946211464752,1.0,Cherry Valley CDP
-2.9900161228202045,-0.6600366513576486,0.11011611030921557,0.43372778707250487,0.10900103931996197,2.0,Chico city
-0.7906074495746813,-0.3771252575777119,0.004729910405668397,0.14537047334549053,-0.04984718156331837,14.0,Chino city
-0.790568624853024,-0.0012623720147784696,0.09045415891401756,-0.11135318473971255,-0.038396888412884814,5.0,Chino Hills city
-1.32484099953196,-0.8076746435261586,-0.2863167950149432,-0.3205507483816851,-0.23703417523452217,8.0,Chowchilla city
-0.8248852724429839,-0.3775941865057578,0.8221750999499599,0.7571548161866352,0.3530775776525516,21.0,Chula Vista city
0.3135303200734996,0.004265130164184484,-0.09752651142754623,-0.20224394311921232,-0.11054451090474303,2.0,Claremont city
-0.28662648561735277,-0.68972758866632,0.22392696610130491,0.3581722781660598,0.05766797897789453,70.0,Clovis city
-1.0022889175390768,-0.8025789711689081,-0.21015883965128387,-0.24738793835392417,-0.2086743196646114,3.0,Coachella city
-0.28662648561735277,-0.8068845218190026,-0.2729090726408474,-0.3231727534582821,-0.2384795170663179,2.0,Coalinga city
-0.7906224449130457,-0.6821915219239266,-0.16755101092229197,-0.1239226269442588,-0.15872335280837782,9.0,Colton city
0.3141267670943881,-0.2863793310249855,-0.2848206746980692,0.17488278166485355,0.17727880005148544,10.0,Commerce city
0.719332820097934,-0.37799488762483857,0.34607780549288936,0.7601456897849902,0.18322180204057092,1.0,Concord city
-1.3450005046565041,-0.8151198041811437,-0.2882492104980366,-0.33984250140516875,-0.2492785865064772,2.0,Corcoran city
-1.0022889121825103,-0.44414651526927035,0.33478428432610563,0.73971729879743,0.2217072492927135,16.0,Corona city
-1.02043247215117,0.5755032472743014,0.31950982877861933,1.2524494905540062,0.6425066938368125,3.0,Costa Mesa city
0.6850616613861984,-0.35457300900975863,-0.27880560775655616,-0.2872320985059039,-0.22780225925541853,2.0,Cotati city
0.3141267670943881,-0.14726455149562673,-0.11120619691129398,-0.03553480401316397,-0.09795691879266145,5.0,Covina city
0.3141267670943881,1.7145132092384279,0.011844454897101644,0.315348550730568,0.16920292328468517,1.0,Culver City city
1.011645644403992,0.618746799187536,0.18879223032867218,0.048833623991186854,0.05725100840081246,1.0,Daly City city
-1.5566753084643414,0.0040340691760067165,0.053935046668431796,-0.14750901299644964,-0.04097367287799875,2.0,Davis city
1.5095854209805084,-0.7806318431590561,-0.2260662463851143,-0.21104520257993606,-0.19901137792043416,27.0,Delano city
-0.9438263526778599,-0.7643083681499758,-0.2893534817293785,-0.3405141671713203,-0.2569749731975061,9.0,Delhi CDP
-1.0022889175390768,-0.8324550334228485,-0.24088691445092741,-0.3011275594481498,-0.22347443261969308,3.0,Desert Hot Springs city
0.3140411377512067,0.26199156148663666,-0.04001150644999021,-0.20778545068171697,-0.11882535916308644,3.0,Diamond Bar city
-0.8389969260301665,-0.611086054886998,-0.2357056955121804,-0.14807538870562428,-0.20916039491598518,2.0,Dixon city
-0.9438263526778599,-0.8082880082683925,-0.3000192076220773,-0.34561154855389203,-0.25827742061805464,3.0,Dos Palos city
0.31412676709437914,0.017588072776046564,0.11134751570256866,0.24716546574654213,0.20627113908101505,6.0,Downey city
0.31412676709437914,0.04309081303987627,-0.22486526419730896,-0.11240997185520933,-0.20335911607248094,3.0,Duarte city
0.719332820097934,0.271994463096189,0.253441775112201,0.26327272452998146,0.04952299753680258,2.0,Dublin city
-2.9900161228202045,-0.6700764913684244,-0.28451204836282384,-0.35145373342675706,-0.25745870591754794,2.0,Durham CDP
-1.0022397746559841,-0.5440992152167105,0.005992572517050006,-0.22825518038292253,-0.18676696664847914,6.0,Eastvale city
-0.8248852724429839,-0.36891324446430424,0.02297795397579675,0.4596167748069734,-0.025319707252431607,4.0,El Cajon city
0.719332820097934,0.3069332722725586,-0.11571063411696052,-0.20199167096927428,-0.19459336382842973,1.0,El Cerrito city
-0.7986779157810696,-0.5666171754948736,0.060283584205047605,-0.22811349812504414,-0.18458372744712806,1.0,El Dorado Hills CDP
0.3141267670943881,0.007208068918252576,-0.06154470764202734,0.19585705566593517,-0.08104032877918849,13.0,El Monte city
2.781650194339939,-0.5606620472127526,-0.17757428122318822,-0.12101337080617774,-0.05618490008183268,5.0,El Paso de Robles (Paso Robles) city
-0.7986779157810696,-0.6417972468115841,0.5058069262527279,0.5472463679988987,0.1022065271917229,48.0,Elk Grove city
-0.8248852724429839,0.8726417984644287,0.23022925526496285,0.08829690266188761,0.07318256398921233,1.0,Encinitas city
-0.5890190624856919,-0.6461347550485215,-0.2761593565288871,-0.3292290516684895,-0.24832986131704887,1.0,Escalon city
-0.8248852724429839,-0.46812611503009405,0.24678716630318506,0.8147293979467256,0.11038781786845965,4.0,Escondido city
-0.7986779157810696,-0.5698165993673607,-0.10977211099465671,-0.2876861177113247,-0.20470255779133806,1.0,Fair Oaks CDP
-0.8389969260301665,-0.6166686098940717,0.2009099845649715,0.29136962355991614,-0.001202175924631152,4.0,Fairfield city
-0.8248852724429839,-0.5241794055713259,-0.1959983555643364,-0.28216863606786174,-0.20454443692643334,1.0,Fallbrook CDP
-0.07696763232198409,-0.7759421585109048,-0.29775887624238334,-0.34356651885663514,-0.23419385599456702,3.0,Farmersville city
-0.28662648561735277,-0.7993903932155336,-0.3026987415003551,-0.3484646264400961,-0.25693749269619537,1.0,Firebaugh city
-0.7986779157810696,-0.4758684910109696,0.1769767984048422,0.3616525032037205,0.06693034786431316,6.0,Folsom city
-0.7906482295039745,-0.5876754928803661,0.36121213247786893,0.7003395241327306,0.10250637120220889,76.0,Fontana city
-1.02043247215117,0.44277824913139313,-0.03537507678274953,0.10021375850658013,-0.03244100250147375,1.0,Fountain Valley city
-0.28662648561735277,-0.7589178430042415,-0.2958075505371943,-0.33966513359106665,-0.25221377826537517,25.0,Fowler city
0.719332820097934,1.0737819044198955,1.3665446213651282,1.0938141202129918,0.4660531787284741,11.0,Fremont city
-0.28662648561735277,-0.6997190843904396,1.3606622042670793,2.2092640502735135,1.1551790459532167,458.0,Fresno city
-1.0204273390154457,0.2767344593837828,0.4053439812985559,0.2665331830728782,0.22696271833587994,4.0,Fullerton city
-1.02043247215117,0.0687207692959814,0.25290447342165373,0.4324851524067736,0.5285718261804679,10.0,Garden Grove city
0.3141267670943881,0.022396215138341467,-0.10140213694653684,-0.020710811964423495,0.0010677369360010311,5.0,Gardena city
0.5056420657776547,-0.19380418691271037,-0.02651169534738472,0.2742727089053613,-0.03890170391491395,6.0,Gilroy city
0.3141267670943881,0.7051033737023831,0.64329144119505,1.0200725681941967,0.4897338279628712,10.0,Glendale city
0.3141267670943881,0.08291869433338653,-0.049040213953557836,-0.051612030397801156,-0.13724702555731913,3.0,Glendora city
0.5459610760267696,0.17082405762269168,-0.14035166499685728,-0.10087753071518432,0.11056936404668358,2.0,Goleta city
1.6769093135143114,-0.6032875511395679,-0.2934914298236785,-0.34650050755843564,-0.24798316667992445,2.0,Gonzales city
1.5095854209805084,-0.7897301254438583,-0.3073436394673154,-0.35559926442847006,-0.25979420965547395,13.0,Greenfield CDP
1.6769093135143114,-0.7142613379458093,-0.27613447546745984,-0.33806317010672615,-0.24965339151958466,13.0,Greenfield city
-0.9438263526778599,-0.7711722426193242,-0.29755494397339194,-0.3509308163652608,-0.2551606826809327,2.0,Gustine city
0.3141267670943881,-0.0347204979881236,-0.07745266787639321,-0.2876511387997786,-0.14924429977375642,5.0,Hacienda Heights CDP
1.011645644403992,0.6633172285591962,-0.21958286284980771,-0.2881115178072986,-0.043976798045522444,1.0,Half Moon Bay city
0.3141267670943881,0.297879475662462,-0.020896584668025475,0.23144721485817532,-0.08763104068155035,5.0,Hawthorne city
0.719332820097934,-0.02590372874675783,0.41309432989803907,0.4431936458526032,0.11112103017535116,5.0,Hayward city
-1.0022889175390768,-0.7771481509175849,-0.07909072951002921,0.06715833377324129,-0.0908004855736405,4.0,Hemet city
0.719332820097934,-0.3749900659158362,-0.16316679841464773,-0.3200189982617177,-0.23159130368480196,2.0,Hercules city
-0.7906141137312395,-0.8139145609993167,-0.06272910438383521,-0.11373493062589235,-0.11503162967103915,19.0,Hesperia city
-0.7906141137312395,-0.6907813039208626,-0.1202020776606245,-0.2759324967871803,-0.1842674857173186,3.0,Highland city
-0.9438263526778599,-0.7132106359892721,-0.2947486715192095,-0.34574828429902654,-0.2517359018736631,1.0,Hilmar-Irwin CDP
0.5056420657776547,-0.420965946248536,-0.16693360673764526,-0.2186794383554422,-0.19235858893777635,8.0,Hollister city
-0.21002036614405153,-0.7093973723951897,-0.28591282393536327,-0.3525299532708905,-0.2579834329358984,1.0,Hughson city
-1.02043247215117,0.967974547902231,0.9891386765320396,0.9000956082359854,0.6935621642160471,2.0,Huntington Beach city
-0.8248852724429839,-0.19796199988070767,-0.22152329565953602,-0.33945137357606314,-0.22591417900188956,2.0,Imperial Beach city
-1.0022889175390768,-0.6975179266713277,0.014953899053834584,0.054581471799579215,0.11383133892638463,3.0,Indio city
0.3141267670943881,-0.05264733825316515,-0.3159104222805376,1.3014083070812685,0.05128692362973967,23.0,Industry city
0.3141267670943881,-0.011332897077681441,0.03449567006059285,0.1002028055140758,-0.00299889745621514,6.0,Inglewood city
-1.02043247215117,1.7181228712742878,1.615226392972503,1.4086578897494682,1.117567362887881,5.0,Irvine city
-1.0022219509435528,-0.5981986883062866,-0.004811528386425828,-0.11752607932174003,-0.15917311882410679,14.0,Jurupa Valley city
-0.28662648561735277,-0.7694287182408893,-0.27940955105926873,-0.3098687541112692,-0.24083141852356732,15.0,Kerman city
1.6769093135143114,-0.7256672970632745,-0.28750426585712313,-0.30000682098932135,-0.22698940088324165,11.0,King City city
-0.28662648561735277,-0.7149104262095513,-0.2670327393715658,-0.32266326264566214,-0.2328714970576972,5.0,Kingsburg city
0.3141267670943881,0.7008057689604835,-0.20122486874303022,-0.31686135651942593,-0.24050112160576637,2.0,La Crescenta-Montrose CDP
-1.0203170661232874,0.0868860417683861,-0.06362166098342055,0.023580616466646193,-0.09772735072213312,3.0,La Habra city
0.3135308022874607,0.06070212911251244,-0.10930772072220639,-0.20990291145843787,-0.12809124184650295,1.0,La Mirada city
-1.0195157494858564,0.21829799586071164,-0.23913386120405122,-0.326302129413466,-0.2219646711762695,1.0,La Palma city
0.3141267670943881,-0.2314726967648014,-0.21658693012009322,-0.24921355487875596,-0.1730947825297178,14.0,La Puente city
0.3141267670943881,-0.04536528540505843,-0.14273182979634313,-0.2508999624020813,-0.15896229100423384,3.0,La Verne city
-1.02043247215117,0.5580795137185697,-0.11389285195489948,-0.32733559725459876,-0.22567524080603357,1.0,Ladera Ranch CDP
-1.02043247215117,3.7057204471610787,-0.027414384686925565,-0.260435072360594,0.182620942753933,1.0,Laguna Beach city
-1.02043247215117,0.49623530789354614,-0.0955003159437934,-0.18623031475556792,-0.10810007945988268,2.0,Laguna Hills city
-1.02043247215117,0.8102017386560342,0.20962476064543994,0.07220377677200222,-0.11825378151809753,3.0,Laguna Niguel city
-1.0022889175390768,-0.6883958605968276,-0.08534390827094265,-0.019148420582034077,-0.13943494982133406,6.0,Lake Elsinore city
-1.02043247215117,0.3517170793972333,0.20975683311042703,0.07269277488896898,0.048459488312110104,1.0,Lake Forest city
1.5095854209805084,-0.8281169789576208,-0.2958120824228325,-0.34385482988513577,-0.23906983496196216,4.0,Lamont CDP
0.3141267670943881,-0.7824149899397,0.19028321639574958,0.28329903469593176,0.03255370056836137,13.0,Lancaster city
-0.5890190624856919,-0.5976790233203956,-0.22053780069519546,-0.2944914592798915,-0.2225514752749159,23.0,Lathrop city
0.3141267670943881,0.219005203977398,-0.21315363460938405,-0.27733235989369925,-0.20065232111844536,4.0,Lawndale city
-0.8248852724429839,-0.46396658954401265,-0.2236950851697218,-0.13913138702000563,-0.193178474903949,3.0,Lemon Grove city
0.8342419993079082,0.24297080956141215,-0.22219984353648634,-0.30052726479444564,-0.24422340389219002,9.0,Live Oak CDP
0.719332820097934,0.007998934654230195,0.3403634932892805,0.4530082337811453,0.04855670336238486,3.0,Livermore city
-0.5890190624856919,-0.6529288062971788,-0.29710037750464097,-0.3439915656302703,-0.25311448156249905,1.0,Lockeford CDP
-0.5890190624856919,-0.5874213795201327,-0.06482841843298347,0.0913489010248636,-0.091953010988946,7.0,Lodi city
0.5459610760267696,-0.6457795760688736,-0.18938033810092442,-0.2134177620853058,-0.16250068458110165,2.0,Lompoc city
0.31409363604166135,0.6490884559523613,1.6713383670197675,1.0889933902217388,1.5067367781227063,11.0,Long Beach city
0.3141322162734524,0.949228079885572,17.909759560527945,17.578072432394407,16.39924619652936,200.0,Los Angeles city
-0.9438263526778599,-0.751021409908854,-0.188288762303478,-0.23190712007726377,-0.1899563230568906,21.0,Los Banos city
0.3141267670943881,-0.3381374337929036,-0.17699187114677647,-0.22764781928244143,-0.137789321560659,5.0,Lynwood city
-1.32484099953196,-0.7876953513524164,-0.16223058936823145,-0.13025098335537974,-0.15851838131683466,43.0,Madera city
0.3141267670943881,3.936748696504165,-0.15773689218996578,-0.28777656823007,-0.035367995400709985,1.0,Malibu city
-0.5890190624856919,-0.6235366060632109,0.008017607582068537,0.0245246937560502,-0.0697797806666406,75.0,Manteca city
1.6769093135143114,-0.2905487463314696,-0.222844372447506,-0.273128884028415,-0.18720853380454638,2.0,Marina city
0.719332820097934,-0.27348547267269857,-0.0587594119596381,-0.2420004793311576,-0.17844395282616113,1.0,Martinez city
0.3141267670943881,-0.2863793310249855,-0.2650903075842533,-0.31374576013545713,-0.2217667272787221,2.0,Maywood city
1.5095854209805084,-0.803379606917498,-0.2960363125423466,-0.34496991518654263,-0.2580384824221986,5.0,McFarland city
-0.28662648561735277,-0.8115788611750661,-0.29944289134408886,-0.34179708058368036,-0.2540350963759443,5.0,Mendota city
-1.0022889175390768,-0.7190924944329522,0.08063894708890612,-0.164941230550572,-0.0973033525510553,6.0,Menifee city
-0.9438263526778599,-0.7692834522577165,-0.08697361410196584,0.050917519145717106,-0.08657690158218556,17.0,Merced city
0.5056632190760993,0.7336301249183725,0.1921263696093717,0.1198888662677147,0.32609981556847467,3.0,Milpitas city
-0.21002036614405153,-0.7032034331944421,0.47218275104376006,0.5458450916030243,0.30582520689069187,31.0,Modesto city
0.3141267670943881,0.5224744603113392,-0.12983726002105472,0.03813113702511769,-0.10992374010178375,3.0,Monrovia city
-0.7904914178802833,-0.435708392223416,-0.21754215093139848,0.08078491641562316,-0.15128230203252835,3.0,Montclair city
0.3141267670943881,-0.04923178907101908,-0.11462864728242587,0.014189662022383795,-0.10120600975003693,10.0,Montebello city
1.6769093135143114,0.3790677172082791,-0.1338047054570875,-0.18262324699826046,0.4039046512269239,1.0,Monterey city
0.3141267670943881,0.2995555676225622,-0.08586747571404782,-0.13909322820740996,-0.01567550575890973,4.0,Monterey Park city
1.249527804873744,-0.09399922997584884,-0.10394896756368698,-0.27107502127268696,-0.20149328986660525,3.0,Moorpark city
-1.0022889175390768,-0.7321972289576912,0.2576343204894699,0.6814639848244108,0.08439157641245794,21.0,Moreno Valley city
-1.0022889175390768,-0.6436537888820457,0.19039106099640554,0.23095079697209275,-0.011002155751725824,8.0,Murrieta city
1.465234509706483,-0.2335465408916528,0.10698389988896502,0.10780877550247404,0.38733007078791154,2.0,Napa city
-0.8248852724429839,-0.4385144188409422,-0.1706546890484304,0.2635981344040612,-0.008396089644962869,4.0,National City city
0.719332820097934,0.2265888189439611,-0.019199229551080412,-0.04588573525207857,-0.024734074419451166,3.0,Newark city
-0.21002036614405153,-0.7549023179512393,-0.27700365888532874,-0.3414628376511294,-0.25134587040689815,2.0,Newman city
2.781650194339939,-0.4611633660109715,-0.23940024450643754,-0.3055762410165951,-0.23486733375249452,7.0,Nipomo CDP
-0.7986779157810696,-0.7190443137743554,-0.18300555932177898,-0.08733609875646502,-0.13250808467284142,7.0,North Highlands CDP
0.3141267670943881,-0.12097140798105104,0.0023753923618128623,0.13367338399556197,-0.0949139705924951,8.0,Norwalk city
-0.7906141137312395,-0.8162691488011017,-0.2780277274336818,-0.35313696104903275,-0.2568016258789439,2.0,Oak Hills CDP
0.719332820097934,0.06967309966254479,2.253574242153909,0.9863041389810608,1.254035039425981,6.0,Oakland city
-0.8248852724429839,-0.3793171852618925,0.45933169955573316,0.2632087731866498,0.4265206199709625,9.0,Oceanside city
1.249527804873744,0.1288235128454183,-0.2713181095087435,-0.3154466538746753,-0.13583096536717243,2.0,Ojai city
-0.790651612312348,-0.4166271966862848,0.2359089619307593,2.1182005172703167,0.35962143892827503,17.0,Ontario city
-1.02043247215117,0.2498105579036123,0.41155216564769787,0.5746016434395897,0.43235000919044986,3.0,Orange city
-0.28662648561735277,-0.8113386191436585,-0.3047074647310484,-0.34745129797227775,-0.2595728404446073,2.0,Orange Cove city
-0.7986779157810606,-0.6196993329556099,-0.14408129007207715,-0.2802515090572681,-0.23200241793355422,1.0,Orangevale CDP
-0.07696763232198409,-0.7836289036933265,-0.29757335238946514,-0.34871371868898454,-0.2540128423282911,3.0,Orosi CDP
1.249527804873735,-0.13942872699179218,0.2912218222570239,0.7554316631400695,0.22720868412573172,46.0,Oxnard city
-1.0022889175390768,-0.44343951993521813,-0.004690344385941177,0.45003290636569954,0.3222826607631082,1.0,Palm Desert city
-1.0022889175390768,-0.3526693449216964,-0.012020786702970895,-0.014039026239941504,0.32895653252775325,3.0,Palm Springs city
0.3141267670943881,-0.7515637708579684,0.17858724926060107,0.2900531445253655,0.09042008079515859,17.0,Palmdale city
0.5066997877165559,4.1054971199071,0.5546510874855095,0.32758339668022446,0.5710559744162009,1.0,Palo Alto city
0.3141267670943881,-0.23807451674429883,-0.18310662135616726,-0.2097502762080552,-0.18991650002424793,3.0,Paramount city
-0.28662648561735277,-0.7850975272746634,-0.29153177588628365,-0.3441244148296774,-0.25563270274431493,1.0,Parlier city
0.3141267670943881,1.130669184203954,0.5581603440213352,0.960156519294555,0.7748866532007088,5.0,Pasadena city
-1.0022889175390768,-0.7513561383185257,-0.12008602298664947,0.10836066499575588,-0.15181405664487457,17.0,Perris city
0.6850616613861984,-0.19373946951224016,0.04796669741220519,0.08712175256287649,-0.0540824782114329,10.0,Petaluma city
0.3141267670943881,-0.16105549896969595,-0.12031480419262082,-0.15525454530869315,-0.09500298678310812,7.0,Pico Rivera city
0.719332820097934,-0.6223996814220073,-0.021079201935410158,-0.1228266210491498,-0.13811727594712808,1.0,Pittsburg city
0.31402910056337174,-0.34712863985868075,0.10548017149368388,0.10318237279758778,0.042966252338753584,12.0,Pomona city
-0.07696763232198409,-0.7773327020601666,-0.16730012108085746,-0.13882011003947983,-0.16247608800211646,18.0,Porterville city
-0.8248852724429839,-0.07961965235938596,-0.004915610980440561,0.038389768977155014,-0.15496827508330724,5.0,Poway city
-0.8248852724429839,-0.5755099582336403,-0.2253072127739339,-0.27392350596848597,-0.2181627428245605,1.0,Ramona CDP
-0.7986779157810696,-0.674419689750207,-0.007659832049046295,0.03238328921672533,-0.005496035856043733,17.0,Rancho Cordova city
-0.7906141137312395,-0.32544003694275214,0.5261417430293193,0.44812567238059364,0.3750200686386627,18.0,Rancho Cucamonga city
0.3141267670943881,1.7123108271778502,0.07211135573220874,-0.30077353046462324,-0.07110799593184024,3.0,Rancho Palos Verdes city
-1.02043247215117,0.34311516106961104,0.01026719425723903,-0.13035344683364591,-0.13505910129330423,1.0,Rancho Santa Margarita city
-2.1775880663006353,-0.7568015098176489,0.058100535753016366,0.4376952436154381,0.0721776180478179,9.0,Redding city
-0.7906278878083743,-0.550264172527993,0.0536126643001995,0.24675031199839478,-0.037097954789334205,4.0,Redlands city
1.0116456444039832,1.7932607409653587,0.38359012823196054,0.38015599408923245,0.08217671303812592,1.0,Redwood City city
-0.7906176420926218,-0.6347168267861025,-0.037618850533017285,0.07291890118583222,-0.11368935921784798,16.0,Rialto city
0.719332820097934,-0.22004051217395404,0.17056065896894143,0.28356049322667987,-0.13161558023537923,3.0,Richmond city
1.5087162171756452,-0.827007806444547,-0.1917116781713911,-0.25138401400630417,-0.17951800344184726,1.0,Ridgecrest city
-0.7986779157810696,-0.7249187460290192,-0.2580769875956777,-0.3335484172609161,-0.2528251789430067,2.0,Rio Linda CDP
-0.5890190624856919,-0.5760104761017899,-0.23028767767158057,-0.29151542521976803,-0.23181033036433665,8.0,Ripon city
-0.21002036614405153,-0.6882887805489747,-0.2331762106196151,-0.25931256729007135,-0.20609285013683362,2.0,Riverbank city
-1.002281960289163,-0.5659835899929714,0.7323113923905455,1.402126372993509,0.6426343617944021,40.0,Riverside city
0.719332820097934,-0.4837830926312864,-0.2736157488184571,-0.3501831862962567,-0.25718931481437696,1.0,Rodeo CDP
0.6850616613861984,-0.38218642979267775,-0.10284299398279963,-0.10501670191479807,0.6385536722141945,1.0,Rohnert Park city
1.509289565894836,-0.8094303684419442,-0.24670482270471808,-0.3337102388921089,-0.23866926210420356,1.0,Rosamond CDP
0.3141267670943881,0.20212684449853802,-0.17431150350985358,-0.19061645827003698,-0.04651024568099582,1.0,Rosemead city
-0.7986779157810696,-0.5483701839423364,0.5129221049866026,1.3624949128895163,0.39244733048249464,17.0,Roseville city
0.31348724897484465,0.27302071565549596,-0.1261939082877983,-0.2194129355308923,-0.08005529435411539,6.0,Rowland Heights CDP
-0.7987839159891481,-0.5828993308541192,1.9116556651213683,1.5082721766751448,1.6297735512692328,130.0,Sacramento city
-0.21002036614405153,-0.6206435827344248,-0.26072485809242485,-0.23631658286609686,-0.22536954046721777,2.0,Salida CDP
1.6769093135143114,-0.3936058721652025,0.17315237359315322,0.5833544977398911,0.11256637200714688,73.0,Salinas city
-0.7906141137312395,-0.701982191794012,0.21521807162559217,1.4851101307519115,0.20018055761801848,21.0,San Bernardino city
1.011645644403992,0.8007140066343722,-0.04660501308315357,2.400617069191927,-0.10365395499189517,1.0,San Bruno city
1.249527804873744,0.20628500574839362,0.2440791294243525,0.3854678421314854,0.24326088007772556,5.0,San Buenaventura (Ventura) city
-0.8248852724429839,0.3334714397855063,7.283415105258626,6.967347164270009,9.093715543294234,74.0,San Diego city
0.3141267670943881,-0.06803220298649523,-0.14347141888571158,-0.15057479093064072,-0.13459293755825177,1.0,San Dimas city
0.3141267670943881,-0.3119329237213906,-0.2466284441848682,-0.26326589093945063,-0.18235012382214066,5.0,San Fernando city
1.0112262115162738,2.256062627721514,7.630187549541998,6.483273654062137,10.780164754959339,8.0,San Francisco city
0.3141267670943881,0.6769122492986049,-0.16366002117863201,-0.18776408702851058,-0.0886266164976171,5.0,San Gabriel city
-1.0022889175390768,-0.7865738804728698,-0.1771803243554304,-0.24514151492352346,-0.21206747629890008,2.0,San Jacinto city
0.5056692780817212,0.6815986169633993,6.1719553932249624,5.209133235375741,3.0788154113037276,26.0,San Jose city
-1.02043247215117,0.4881691081104874,-0.08311806217777731,-0.07906835602740296,-0.144826285681752,1.0,San Juan Capistrano city
0.719332820097934,-0.20108537564691925,0.10453227431788222,1.5932620986735306,0.04173056706116486,2.0,San Leandro city
2.781650194339939,0.021996947052592943,-0.0909256112482046,0.3072790218336002,0.10299830278191247,3.0,San Luis Obispo city
-0.8248852724429839,-0.24601604481515077,0.12111885291752553,0.14180651091352264,0.004380076239338396,3.0,San Marcos city
1.011645644403992,1.585416414310087,0.5840677958191183,0.36122851639710196,0.3052793970903541,1.0,San Mateo city
0.719332820097934,-0.5060303057374422,-0.22695350405095457,-0.27010373816319155,-0.18500186928987608,1.0,San Pablo city
0.719332820097934,0.40708536982238663,0.40955628948813816,-0.12233196977476148,-0.01646142502076948,2.0,San Ramon city
-0.28662648561735277,-0.7718314543337068,-0.24762053536906536,-0.2889722110247343,-0.2198446803208803,11.0,Sanger city
-1.02043247215117,0.10162145658646547,0.578458736228668,0.9947284035062329,0.5086849064381181,9.0,Santa Ana city
0.5056420657776547,1.1708297688092544,0.7255247594878368,0.36994427185182427,0.6454079188913975,1.0,Santa Clara city
0.3141267670943881,-0.24537887150274276,0.8433363172731468,0.8924306334169995,0.33089849100191643,9.0,Santa Clarita city
0.3141267670943881,-0.1664159327525737,-0.2539326941229913,-0.12515713519619653,-0.13229140052463867,16.0,Santa Fe Springs city
0.5459610760267606,-0.6423449907697935,-0.01002909349108669,0.26461640938462344,0.0023010796822578363,55.0,Santa Maria city
1.249527804873744,-0.3720869965319959,-0.2271238244245224,-0.28641557058082434,-0.21312278666393084,3.0,Santa Paula city
0.6850616613861984,-0.3966124076310411,0.5841084827240544,0.9217062157693338,0.272560090711737,7.0,Santa Rosa city
0.8342419993079082,0.2110049169377813,-0.22677179722240925,-0.28868955315365524,-0.21391924731678422,2.0,Scotts Valley city
1.6769093135143114,-0.0419803126100557,-0.20227886053714123,-0.10673596841563636,-0.1466640015116446,1.0,Seaside city
0.6850616613861984,-0.22981882861827083,-0.27409893976986843,-0.2887457314055322,-0.20528936188998448,1.0,Sebastopol city
-0.28662648561735277,-0.7658484513981944,-0.2633744444777565,-0.163833565018281,-0.20697481318330216,29.0,Selma city
0.3141267670943881,0.20644508836959077,-0.26057874773627293,0.20437919047896835,-0.16930339556900242,1.0,Signal Hill city
1.249525711001853,-0.15417890007758672,0.3738986466082625,0.35806734143142166,0.06132818418402228,3.0,Simi Valley city
1.6769093135143114,-0.6542080772678098,-0.27944531258485716,-0.3198112447264746,-0.2316650934217575,13.0,Soledad city
0.5459610760267696,-0.39694059553636524,-0.27161768118079344,-0.33015758277498414,-0.167879136519194,2.0,Solvang city
0.3141267670943971,-0.09051768709988826,-0.2706611040039333,-0.21475897368357585,-0.19042834312027285,10.0,South El Monte city
0.3141267670943881,-0.23818661181233092,-0.1018487982165132,-0.04236664475714447,-0.09835632038475411,14.0,South Gate city
1.011645644403992,0.6135622487357839,0.08461001618721684,0.06614323869372868,0.3710237101864042,4.0,South San Francisco city
-0.5890190624856919,-0.7017979521009302,0.6754116535371957,1.0368582058682256,0.3304662939711768,94.0,Stockton city
-0.8389969260301665,-0.6678522770193694,-0.2036433884095058,-0.30355417727136336,-0.2149499611028298,2.0,Suisun City city
0.5056420657776547,1.452300969052894,1.1696941970086527,0.3031910823731195,0.4422436902708214,2.0,Sunnyvale city
1.5095854209805084,-0.8220541235742742,-0.28371319791459365,-0.2824958125536357,-0.20370229691260747,2.0,Tehachapi city
-1.0022714590582509,-0.5647268975303708,0.1963958358065481,0.7600495861088233,0.27317734771769836,2.0,Temecula city
0.3141267670943881,0.8431341580505408,-0.15611620102043156,-0.24902770732852147,-0.16842494631953175,3.0,Temple City city
1.249521474967923,0.302384113321571,0.5566446233606173,0.8555847666324907,0.2999208566685831,5.0,Thousand Oaks city
0.3141267670943881,0.9133566336769398,0.5617648645595893,1.2976560238426944,0.5542998477989646,4.0,Torrance city
-0.5890190624856919,-0.5260286946305048,0.08188910097437851,0.1559673169322439,-0.0303795749293826,31.0,Tracy city
-0.07696763232198409,-0.7569858161515003,-0.13535812852619203,-0.04102967302694059,-0.14467987747350688,10.0,Tulare city
-0.21002036614405153,-0.6891766549997728,-0.055236415883836876,0.03421243896494559,-0.020720146982203234,47.0,Turlock city
-1.02043247215117,0.510856780632274,0.10318912754225164,0.613451554530049,0.16529558102303968,2.0,Tustin city
0.719332820097934,0.26802977044433923,0.07238767816629121,-0.07816031761656154,-0.08685917660768214,12.0,Union City city
-0.7904642410365725,-0.27796228845916204,0.04809705841956602,0.045464695490263496,-0.04018072602214323,4.0,Upland city
-0.8389962792096158,-0.5875644687223434,0.2283027972052442,0.13024262408534007,-0.020960256443725216,1.0,Vallejo city
0.3141267670943881,-0.28637933102498553,-0.3159912797606909,-0.2772878412790043,-0.23922561329553496,31.0,Vernon city
-0.7906141137312395,-0.8231475261148589,0.04682654243467624,0.3608352686339632,-0.006457644967797615,25.0,Victorville city
-0.07696763232198409,-0.7351893446472855,0.19285996632002808,0.41918468628314914,0.11138105115319447,19.0,Visalia city
-0.8248852724429839,-0.45236245523340746,0.06837260226757132,0.1612586722788436,-0.036586111693309296,10.0,Vista city
0.3141267670943881,0.4153540231836108,-0.16106968790565646,-0.232411311054801,-0.19849367849607943,1.0,Walnut city
-0.21002036614405153,-0.7430466780039435,-0.29231559209315233,-0.3448141000351103,-0.253565418843894,3.0,Waterford city
0.8342419993079082,-0.377524220576404,-0.16213897758314513,0.3650401577886028,-0.13699754597046948,22.0,Watsonville city
0.3141267670943881,-0.07023433258592736,0.11699284157860199,0.278402693724165,0.029742662970055265,4.0,West Covina city
0.3141267670943881,3.8181305810517014,-0.0011957361057800984,0.1454142853155078,0.8738117513477647,1.0,West Hollywood city
-1.02043247215117,0.20598743017782067,0.025857339087430285,0.24561120077794624,-0.023492532813532634,10.0,Westminster city
0.31410527961458,0.012350967392972343,0.03188168679409201,-0.0408039000524162,0.0036702892457661034,9.0,Whittier city
-1.0022889175390768,-0.693852233652127,-0.1803988054098366,-0.30468940194608457,-0.21726555332443445,1.0,Wildomar city
-1.5566753084643414,-0.565510226111815,-0.2822678034539949,-0.3469965721221794,-0.22910353541030104,1.0,Winters city
-0.9438263526778599,-0.7973764221068622,-0.29177618015873574,-0.3480943446289826,-0.2594697690660028,8.0,Winton CDP
-0.07696763232197514,-0.7861060167066071,-0.30342727694894395,-0.3478975440862438,-0.2530957413118437,1.0,Woodlake city
-1.020431901958482,0.3031062335553237,0.18060245092151073,-0.1305735666507487,-0.12102616734942692,1.0,Yorba Linda city
-2.5848100698166587,-0.7670319225173952,-0.05644838094017193,0.05908633161990148,-0.08961633598535404,141.0,Yuba City city
-0.7907349547902823,-0.6692497206506068,-0.10073882643429316,-0.25269801978448286,-0.1767292198911944,3.0,Yucaipa city
0.3141561009211622,0.3851102429193444,-0.14188619655235657,-0.23037370112665995,-0.1575321756260956,0.0,Agoura Hills city
0.7193354320521037,0.571905786199457,0.25749546410431123,-0.12642909561605223,0.022336750164184627,0.0,Alameda city
0.719332820097934,0.9654562479905997,-0.17547520755352533,-0.2680989872125634,-0.20566768070008984,0.0,Albany city
0.3141267670943881,0.1816352207553908,-0.2859102689956002,-0.3523879176906733,-0.2518050065479548,0.0,Alondra Park CDP
-0.8248852724429839,-0.53298997234799,-0.22688797436314717,-0.3285732854075861,-0.23523276864027434,0.0,Alpine CDP
-1.0022889175390768,-0.7932891714650019,-0.30974126125767115,-0.35294051382863284,-0.2588197166213945,0.0,Anza CDP
-0.7986779157810696,-0.5181092450305047,0.12295726414423887,0.44035116763656457,0.06300777914901018,0.0,Arden-Arcade CDP
-1.3450005046565041,-0.7830447387096133,-0.3075736802962531,-0.3548371481435732,-0.25729121492731555,0.0,Armona CDP
0.719332820097934,-0.24387715033062118,-0.23272004543650904,-0.3181962083155967,-0.24198277267320686,0.0,Ashland CDP
-0.5890190624856919,-0.7609827028953352,-0.2968570375237454,-0.34785196550453235,-0.25790495813627906,0.0,August CDP
-1.3450005046565041,-0.8237952802176608,-0.29472961064453324,-0.34808091838010635,-0.2575828600781398,0.0,Avenal city
0.3141267670943971,-0.20958724094815384,-0.268700885980936,-0.3160056098147341,-0.22888802252776425,0.0,Avocado Heights CDP
-1.0022888244298906,-0.7815833107403882,-0.22987029678916854,-0.27458633867616633,-0.20332514936816806,0.0,Banning city
-0.7906141137312395,-0.8495358224574833,-0.2534094823873683,-0.11356286264687299,-0.13076055629922778,0.0,Barstow city
0.3141267670943881,-0.2863793310249855,-0.24841116712822434,-0.30214230120532354,-0.18186990489909668,0.0,Bell city
0.8342419993079082,-0.15866476532078835,-0.26990649335066724,-0.3439770794143775,-0.2583195861820292,0.0,Ben Lomond CDP
0.719332820097934,0.9628584185111735,0.4685560648829963,0.2025030488596812,0.4623859459283506,0.0,Berkeley city
-1.0022889175390768,-0.6774815417002082,-0.2842159089602716,-0.31922896951205176,-0.24175554713401046,0.0,Bermuda Dunes CDP
-0.7906141137312395,-0.558600339009672,-0.29062711193942903,-0.2929753531238913,-0.15238914808686138,0.0,Big Bear Lake city
0.719332820097934,0.6428374436502523,-0.17084446699052058,-0.3502697502692747,-0.2459158827795035,0.0,Blackhawk CDP
-1.0022889175390768,-0.8314350368013725,-0.2845081051792228,-0.2957330339786062,-0.21895334714908407,0.0,Blythe city
-0.8248852724429839,-0.5324619416297678,-0.2913389234745749,-0.3523296195047632,-0.2543489955744218,0.0,Bonsall CDP
-0.8248852724429839,-0.8530303011056257,-0.301052431514844,-0.3545000786323114,-0.2453384488061848,0.0,Borrego Springs CDP
-0.8248852724429839,-0.4208242604226127,-0.256880629728223,-0.33702334246349414,-0.2506630225236429,0.0,Bostonia CDP
0.8342419993079082,-0.23184913629313086,-0.2853746392533013,-0.34620901662888537,-0.2521505299194133,0.0,Boulder Creek CDP
0.6850616613861984,-0.1879688964912089,-0.2806979551918831,-0.352157198203405,-0.23054302091376697,0.0,Boyes Hot Springs CDP
0.719332820097934,-0.5897190366432812,0.057077015904993936,-0.0891320362048335,-0.0927401015164717,0.0,Brentwood city
-0.21002036614405153,-0.7569722248457997,-0.31018705529065116,-0.35565190945695857,-0.2596548290412246,0.0,Bret Harte CDP
1.011645644403992,0.7404054460749274,-0.26056502370465123,-0.2645343181359178,-0.07442502029784144,0.0,Brisbane city
1.011645644403992,2.8666767584106423,0.0003709973157600931,-0.023418674369360737,0.4269106514377275,0.0,Burlingame city
-0.21002036614406047,-0.7566818409618111,-0.31041537223066307,-0.35239851736083877,-0.2562640149382679,0.0,Bystrom CDP
-1.0022889175390768,-0.8258290208011714,-0.30962262641208743,-0.10853508576505448,0.08173865967905655,0.0,Cabazon CDP
0.31413880931130284,0.9272189206706415,-0.07008187183787175,-0.08716685735615644,-0.14466816481684727,0.0,Calabasas city
1.5093558409567251,-0.8707983046254555,-0.2785463582969615,-0.34459574682970173,-0.2534693750592852,0.0,California City city
-1.0022653598662932,-0.7529539064992141,-0.279068255761133,-0.33032470424125965,-0.23810939711587426,0.0,Calimesa city
1.4652345097064918,-0.15062714707565308,-0.28192009065131884,-0.33878394767797776,-0.17792273960480853,0.0,Calistoga city
2.781650194339939,-0.027075163574669655,-0.28180418379903455,-0.3434425027156992,-0.18000524995888698,0.0,Cambria CDP
-1.0022889175390768,-0.6421836629596464,-0.2509620357022493,-0.3497224539663979,-0.2503104715581887,0.0,Canyon Lake city
0.8342419993079082,0.8660035098520997,-0.24943282978932677,-0.16111580958785598,-0.14364096482779956,0.0,Capitola city
1.6769093135143114,2.1022489843082113,-0.2842217605329769,-0.2939936281044535,-0.11507262396934778,0.0,Carmel-by-the-Sea city
0.719332820097934,0.05141496620279576,0.09539776820863317,-0.2291063338972093,-0.13413028762019724,0.0,Castro Valley CDP
2.781650194339939,0.5449121324849713,-0.3037835033455795,-0.35499543655137744,-0.2391588511525752,0.0,Cayucos CDP
0.719332820097934,-0.20799911993236045,-0.2641986041902965,-0.34101447160313025,-0.2565111519937856,0.0,Cherryland CDP
0.719332820097934,-0.14173818971877883,-0.22422027852834245,-0.33433491278719357,-0.24836617055269367,0.0,Clayton city
0.6850616613861984,-0.5800726200412402,-0.2666864976470306,-0.3299883413746756,-0.24699344719218752,0.0,Cloverdale city
1.011645644403992,0.4358527936942155,-0.3099851788632082,0.13954065475448524,-0.22223523354510646,0.0,Colma town
0.719332820097934,0.09515593521293017,-0.2520789025478438,-0.3563677405154662,-0.23620257661168995,0.0,Contra Costa Centre CDP
-0.8248852724429839,3.3070773583058513,-0.16339935824335378,-0.3233345750894749,0.10304749593988281,0.0,Coronado city
0.8342419993079082,-0.16664285417079902,-0.29564915461078556,-0.3556169305454125,-0.2591816377121764,0.0,Corralitos CDP
0.5459610760267696,1.1104075833447455,-0.1987699325076374,0.24408767485283017,-0.1737647464906474,0.0,Corte Madera town
-1.02043247215117,0.46309896105936693,-0.1410264908311144,-0.3468121378613003,-0.25160237758774356,0.0,Coto de Caza CDP
-0.5890190624856919,-0.6921957805432793,-0.28081795083398003,-0.3523320927611352,-0.25607661243171415,0.0,Country Club CDP
-0.7906141137312395,-0.7744753058341576,-0.27892295983972487,-0.3449218633484592,-0.24724644057603506,0.0,Crestline CDP
-1.0195552280579832,0.34763885755768625,-0.0616401251279266,-0.13058027977518685,-0.09054749218979294,0.0,Cypress city
-1.020432472151161,1.475721346456945,-0.04275774840480705,-0.22362312452061467,0.264295640172717,0.0,Dana Point city
0.719332820097934,0.5780986258625519,0.16166607140232153,-0.1470447474432023,-0.1031385980988724,0.0,Danville town
-0.8248852724429839,3.7118709729468966,-0.2576344581942748,-0.3512827254147542,-0.11916971126887893,0.0,Del Mar city
0.719332820097934,-0.46767195782779686,-0.2053095542574536,-0.3327965473238459,-0.24665612268039078,0.0,Discovery Bay CDP
-1.0022889175390768,-0.7760917570320128,-0.26404011287520307,-0.3472774633815642,-0.25100971716076736,0.0,East Hemet CDP
0.3141267670943881,-0.2814464688317465,-0.05229512954687864,-0.19847116718498478,-0.12489485784409571,0.0,East Los Angeles CDP
1.011645644403992,0.4873102566026686,-0.18601096790188756,-0.24966969401820976,-0.17175134081086066,0.0,East Palo Alto city
0.3141267670943881,1.0816008317058612,-0.2844139321771825,-0.31346557552075005,-0.20537135048660174,0.0,East Pasadena CDP
0.3141267670943881,0.8782480914535196,-0.21503513025869636,-0.3486593070488018,-0.24598147365679732,0.0,East San Gabriel CDP
1.011645644403992,0.6532088185569106,-0.25858292720985576,-0.3486105485660407,-0.22191196422130124,0.0,El Granada CDP
1.249527804873744,-0.319945639695261,-0.2992236333751485,-0.34968747505485187,-0.25847419324993604,0.0,El Rio CDP
0.3141267670943881,1.8291187710840393,-0.18264776535057828,0.8441844680471952,0.13096109929106248,0.0,El Segundo city
0.6850616613861984,-0.19783207498481623,-0.30066014401060903,-0.3563242818677878,-0.2565064669311218,0.0,El Verano CDP
0.5459610760267696,0.20591738292652279,-0.2613254786687743,-0.3260781230506358,-0.23397248678370042,0.0,Fairfax town
0.8342419993079082,-0.05522545558926296,-0.2931325889155077,-0.32924353788438226,-0.24706723692914304,0.0,Felton CDP
0.31412676709437914,-0.40382784972272245,-0.20057202870822685,-0.2850185340530162,-0.2113002972876957,0.0,Florence-Graham CDP
-0.7986779157810696,-0.7176185692432252,-0.17986425645210563,0.05225661080995408,-0.15360726437946068,0.0,Florin CDP
-0.7986779157810696,-0.695867395389433,-0.20923685188847135,-0.32642367229803,-0.24217603150809042,0.0,Foothill Farms CDP
0.6850616613861984,-0.5413335285746105,-0.2950880155956445,-0.35216249803848776,-0.2496252811436016,0.0,Forestville CDP
1.011645644403992,1.8980922520558727,0.007963489827248609,-0.24631348512148496,-0.12547814814574423,0.0,Foster City city
1.5095801725338287,-0.800407263507289,-0.30737427905132464,-0.34762937243105757,-0.25851284501691274,0.0,Frazier Park CDP
-1.0022889175390768,-0.6889061111977848,-0.14872028575647656,-0.34486427180722684,-0.2573743747895988,0.0,French Valley CDP
-0.5890190624856919,-0.7779106085735851,-0.29560612668290437,-0.3488405614086313,-0.25768944525374227,0.0,Garden Acres CDP
-0.7986779157810606,-0.5132718988487128,-0.242786011835746,-0.334754659725746,-0.22830707475744766,0.0,Gold River CDP
1.5095854209805084,-0.8387941170210514,-0.26228318697081143,-0.3528638428811026,-0.25694686282152307,0.0,Golden Hills CDP
-0.7906161049219118,-0.6660688061431703,-0.2624100977386772,-0.3294548246430139,-0.24878196986410978,0.0,Grand Terrace city
-0.7986779157810696,-0.4414879771170173,-0.11924129365814709,-0.31749239021660985,-0.2213029060750016,0.0,Granite Bay CDP
1.5095854209805084,-0.7587172621218167,-0.2988378075619542,-0.34984505681797845,-0.24667837672804405,0.0,Greenacres CDP
2.781650194339939,-0.33795583343709645,-0.2592266111617525,-0.314715983277936,-0.21464543202967998,0.0,Grover Beach city
0.6850616613861984,-0.5372618570799362,-0.2857771851643912,-0.3330456395727343,-0.2357938048942696,0.0,Guerneville CDP
0.3138525771694998,-0.1834441906562904,-0.28238435661077366,-0.32758786940453677,-0.23143669661689512,0.0,Hawaiian Gardens city
0.6850616613861984,-0.12199427442054782,-0.23821721483833375,-0.231086352284118,-0.15352410451717746,0.0,Healdsburg city
0.31412676709437914,4.461838111989811,-0.08229995613887194,-0.24685442162226248,-0.09245548395964322,0.0,Hermosa Beach city
-1.0022522092455497,-0.6696469401799847,-0.2930070170355282,-0.35071458309388537,-0.2576812463940805,0.0,Highgrove CDP
-1.0022889175390859,-0.7162420593493115,-0.3024928352394608,-0.3507757078585062,-0.23189700402361774,0.0,Idyllwild-Pine Cove CDP
-1.0022889175390768,-0.24933321958153337,-0.2521774125964412,-0.3528013048271264,-0.07799152425069232,0.0,Indian Wells city
0.3141267670943881,-0.31659278041610867,-0.31081607412462553,-0.3061295437992323,-0.23213594221947376,0.0,Irwindale city
0.5459610760267696,0.2461328346270117,-0.298149722085117,-0.3513173510039614,-0.22052987073546743,0.0,Isla Vista CDP
-0.8248852724429839,-0.5036861812818266,-0.2789132977660019,-0.35005281035322156,-0.2532515196454165,0.0,Jamul CDP
0.719332820097934,0.7749032393269449,-0.2554192966184499,-0.35620662552895116,-0.2560321043364076,0.0,Kensington CDP
0.5459610760267696,1.6161244256321055,-0.20627484799077786,-0.3423267107696147,-0.247757112406394,0.0,Kentfield CDP
0.3141267670943881,1.907522216954651,-0.09675830979448834,-0.26721073485269753,-0.19201540809764983,0.0,La Ca√±ada Flintridge city
0.31412594130684446,0.04795163579393665,-0.257632319272259,-0.35649846978084027,-0.2598925959714147,0.0,La Habra Heights city
-0.8248852724429839,-0.2635549535696825,-0.030383887612220228,0.10023990435965494,-0.022919783902877765,0.0,La Mesa city
-0.8248852724429839,-0.4434049623452073,-0.17910662807010314,-0.31229784519085474,-0.22813138490755352,0.0,La Presa CDP
-0.7986779157810696,-0.6334240989179708,-0.26499053495871744,-0.35000087196941077,-0.24285185179734983,0.0,La Riviera CDP
0.3141267670943881,0.6538211556960313,-0.26428758780172634,-0.3242532131704818,-0.2540596929549295,0.0,Ladera Heights CDP
0.719332820097934,0.7201580483956278,-0.012428657395062371,-0.2523174916255427,-0.12515956388460286,0.0,Lafayette city
-1.02043247215117,0.47827132082258905,-0.21304700347587927,-0.30447705522043644,-0.23434494926547597,0.0,Laguna Woods city
-0.7906141137312395,-0.6494388800794557,-0.2657107233435278,-0.32894356721869966,-0.2109231497432563,0.0,Lake Arrowhead CDP
-1.002289180653998,-0.7058118268675789,-0.2813049724718855,-0.3527956516697048,-0.2565615164174219,0.0,Lakeland Village CDP
0.6850616613861984,-0.41136885483411795,-0.277439212358369,-0.3458147088987301,-0.24542043740280206,0.0,Larkfield-Wikiup CDP
0.5459610760267696,1.4952906948307088,-0.1654064865752394,-0.2867455736453091,-0.17855756559575933,0.0,Larkspur city
-0.7986779157810696,-0.7463766065191225,-0.28656886816839633,-0.3381380744425621,-0.2558564144865135,0.0,Lemon Hill CDP
-0.5890190624856919,-0.650771727764152,-0.3027701571007943,-0.3096684203451419,-0.22917264008459273,0.0,Lincoln Village CDP
-0.7906181481634406,-0.5818244851617552,-0.21754549655104585,-0.23784116875822944,-0.2232729749251478,0.0,Loma Linda city
0.3141267670943881,0.33573188622434524,-0.21089767080062627,-0.2924485495166677,-0.20718329847184322,0.0,Lomita city
-1.0188709539296037,0.6363923545493112,-0.2559005013928231,-0.29237364518083175,-0.1629176551581837,0.0,Los Alamitos city
2.781650194339939,-0.35743959729791774,-0.24229857824180492,-0.3188230021447145,-0.24691965745523198,0.0,Los Osos CDP
-2.9900161228202045,-0.8267881594725781,-0.28094917501662553,-0.3479046105330208,-0.25842968515462955,0.0,Magalia CDP
0.3141267670943881,4.8022011118985395,0.11374947687804284,-0.0831965742345124,0.11355609149488383,0.0,Manhattan Beach city
0.5459610760267696,0.0037407201703871435,-0.292425170429308,-0.3493489922542347,-0.25462307174025667,0.0,Marin City CDP
-2.5848100698166587,-0.8149714129791485,-0.2826799028803305,-0.2512663576674675,-0.21614816587910776,0.0,Marysville city
-0.7986779157810696,-0.694967506165944,-0.2932290287219423,-0.35021463198441427,-0.2566224222320519,0.0,Mather CDP
0.3141267670943881,0.4829047244055016,-0.291842311102962,-0.3556020910071809,-0.25647601402380676,0.0,Mayflower Village CDP
1.249527804873744,0.05691451077327955,-0.2979034768725918,-0.35316063364573563,-0.2547214580561974,0.0,Meiners Oaks CDP
1.011645644403992,2.098969135123235,0.08181836047966246,-0.18614021755916146,-0.110515229263094,0.0,Menlo Park city
-0.7906141137312305,-0.7101375953589616,-0.2796399063631604,-0.3506584048420084,-0.2551032906633006,0.0,Mentone CDP
0.5459610760267696,1.5723620807594583,-0.12437705379608098,-0.25575072479213656,-0.18775902866754798,0.0,Mill Valley city
1.011645644403992,1.8726755389202734,-0.13454988432337767,-0.24141679082737935,-0.07155893321323517,0.0,Millbrae city
1.249527804873744,-0.18093138821125182,-0.27946631901945423,-0.3505831471838336,-0.2454040396834786,0.0,Mira Monte CDP
-1.02043247215117,0.3004673855733201,0.29327121183793037,0.3042828484001623,0.009225602299418552,0.0,Mission Viejo city
1.5095854209804995,-0.8319571573190685,-0.30651594754255257,-0.33783633716518524,-0.24394112886669347,0.0,Mojave CDP
1.011645644403992,0.542369956755583,-0.28857389647223314,-0.3557080877088355,-0.2532421495200888,0.0,Montara CDP
0.5459610760267696,1.550524632404263,-0.1970885293327414,-0.3468534765749456,-0.1469181661611581,0.0,Montecito CDP
0.719332820097934,0.6488961211949942,-0.1570971005887323,-0.32086697187495483,-0.23697444068555815,0.0,Moraga town
2.781650194339939,-0.09366469999423571,-0.25423767525657837,-0.32041047941316214,-0.16643145215606636,0.0,Morro Bay city
1.011645644403992,0.542369956755583,-0.2958343509420394,-0.3558094912200851,-0.24817759678047396,0.0,Moss Beach CDP
0.5056420657776547,2.7759689329594983,0.5861377075062679,0.10323113128034891,0.3091574577103506,0.0,Mountain View city
-0.7906141137312395,-0.7135192061433947,-0.2960910257687232,-0.3560981555709246,-0.25959392322659464,0.0,Muscoy CDP
-0.7906141137312395,-0.8311675898328867,-0.3040115808907634,-0.3462524752765638,-0.23758232756619185,0.0,Needles city
-1.020432472151179,4.80179408078339,0.7766371075738888,0.7047316741269601,1.1774319223408074,0.0,Newport Beach city
1.011645644403992,1.3849275105274756,-0.24601117920616,-0.3423108112643665,-0.2319614236352456,0.0,North Fair Oaks CDP
-1.02043247215117,0.47374077720496666,-0.09863551147600437,-0.3515410040444527,-0.2550576113023282,0.0,North Tustin CDP
0.5459610760267696,-0.053252126197114086,0.04651415987765176,-0.04580623772583759,-0.09807404535925755,0.0,Novato city
1.249507138465437,0.46831290685166016,-0.19863225795751122,-0.35318889943284354,-0.24865898696918387,0.0,Oak Park CDP
-0.21002036614405153,-0.671761930492005,-0.22435609293757644,-0.25232173149360887,-0.20173691312512512,0.0,Oakdale city
-1.32484099953196,-0.7774373292211023,-0.29346489921495833,-0.2995644614210827,-0.21761341922722482,0.0,Oakhurst CDP
1.5095854209805084,-0.7831204685474489,-0.23735150443016206,-0.30416083172716674,-0.22376139270785347,0.0,Oildale CDP
-2.5848100698166587,-0.8049663562215036,-0.27019700457465956,-0.3372098966584063,-0.25818371936477774,0.0,Olivehurst CDP
0.5459610760267785,-0.5618381725562807,-0.15527314794805375,-0.31871488550902677,-0.2260875263204518,0.0,Orcutt CDP
0.719332820097934,0.6513627269589966,-0.008308926693301891,-0.3273960153745419,-0.23037552992353458,0.0,Orinda city
-2.9900161228202045,-0.8208054319065874,-0.26604430225094344,-0.1983135854218582,-0.19776280872051985,0.0,Oroville city
0.719332820097925,-0.3486916603591654,-0.29058241243254584,-0.3455002520171547,-0.25266003048410623,0.0,Pacheco CDP
1.6769093135143114,1.1540617890657925,-0.21572871837027624,-0.3102196031937461,-0.15620747415789385,0.0,Pacific Grove city
1.011645644403992,0.5869854840307017,-0.04431385343447798,-0.29707989873429785,-0.18131706750476315,0.0,Pacifica city
1.6769093135143114,-0.4353508287671367,-0.3116089554566745,-0.35495904435047604,-0.25827039302405885,0.0,Pajaro CDP
0.3141267670943881,2.769110912254922,-0.13975853803249336,-0.35229216733684526,-0.24667837672804405,0.0,Palos Verdes Estates city
-0.7986779157810696,-0.7206671555517773,-0.2765163600663679,-0.30773256725058934,-0.2390956028066133,0.0,Parkway CDP
0.6850616613861984,-0.33034598567850115,-0.30196837705066404,-0.3505085961703365,-0.2584039173099784,0.0,Penngrove CDP
-0.7906141137312395,-0.8236193176101766,-0.2659662526444203,-0.33282127988756527,-0.24682244240495724,0.0,Phelan CDP
0.719332820097934,-0.4359630137831988,-0.21318081435348865,-0.23019845324659094,-0.164556255824863,0.0,Pinole city
2.781650194339939,0.4187779355290638,-0.2494773215335006,-0.29586270327696373,-0.04543151000264586,0.0,Pismo Beach city
-0.7904188452726642,-0.8204904517694561,-0.28841959179728044,-0.3561645801706282,-0.25925542744913194,0.0,Pi√±on Hills CDP
-1.020432472151179,0.178165038430036,-0.06615755156463746,-0.1790031063144156,-0.1496811818671598,0.0,Placentia city
0.719332820097934,0.01467905155464363,-0.0546333990206463,-0.098856880259308,-0.04559665846154634,0.0,Pleasant Hill city
0.719332820097934,0.6103469870486224,0.4143352396968506,0.30099377074781875,0.18681641636940485,0.0,Pleasanton city
0.8342419993079082,1.2259610103880825,-0.27052453448556324,-0.35308537598756085,-0.24098836812280608,0.0,Pleasure Point CDP
1.6769093135143114,-0.4705095628572129,-0.2324862295542197,-0.3173750872001121,-0.24817876804613992,0.0,Prunedale CDP
0.3141267670943881,-0.7478975289936224,-0.27206613280406944,-0.3395386441937588,-0.2505447246913809,0.0,Quartz Hill CDP
-1.0022889175390768,-0.3486818097600567,-0.15664415105049811,-0.13081135258479396,0.29643165624968565,0.0,Rancho Mirage city
-0.7986779157810696,-0.5594090043612832,-0.2770970046520791,-0.3515063784552455,-0.253744622490786,0.0,Rancho Murieta CDP
-0.8248852724429839,-0.3930545218377045,-0.17771878104909636,-0.2852580865987557,-0.21054014587048708,0.0,Rancho San Diego CDP
-0.8248852724429839,1.2620599057453956,-0.2792160799134724,-0.3563529009772346,-0.2431376406198443,0.0,Rancho Santa Fe CDP
0.3141267670943881,1.6433670071664186,0.26215155541031837,-0.017596982192148974,0.1169281653471852,0.0,Redondo Beach city
-0.8389734158028064,-0.6791454812154696,-0.2636809508456409,-0.3262081456713322,-0.2466256697730758,0.0,Rio Vista city
0.8342419993079082,0.4338307064877073,-0.23562759002635036,-0.3438467034713423,-0.2256436166330526,0.0,Rio del Mar CDP
1.5095854209805084,-0.7272412110301574,-0.19234452904576357,-0.3350691166073214,-0.2524749705088844,0.0,Rosedale CDP
-1.02043247215117,1.0239607044196493,-0.22038238532670668,-0.35330620244934136,-0.2543993599980581,0.0,Rossmoor CDP
-0.7906141137312395,-0.7837536578885502,-0.3000376544397887,-0.35381887316301097,-0.25627924139192537,0.0,Running Springs CDP
0.5459610760267606,0.7600127444112369,-0.18277058597472753,-0.3187064057728944,-0.2155098260911591,0.0,San Anselmo town
1.0116456444040012,2.0958591953664256,0.07469661272709158,-0.1404213668791426,-0.11030088764622316,0.0,San Carlos city
-1.02041566566071,0.7283319964704796,0.18827434349713296,-0.07279158467775394,-0.03292707775284751,0.0,San Clemente city
-0.8248852724429839,-0.5958059295161158,-0.2574326393692892,-0.3561296012590821,-0.2583137298536994,0.0,San Diego Country Estates CDP
0.719332820097934,-0.19806035922644746,-0.19395777177447002,-0.33801829816969237,-0.22764530965617977,0.0,San Lorenzo CDP
0.31412676709437914,2.771726502011091,-0.20226861788480455,-0.34639839740250833,-0.23113333880941125,0.0,San Marino city
0.5459610760267696,0.3829392413854377,0.13977148076262358,0.26563256443115263,0.03535185424434191,0.0,San Rafael city
0.5459610760267696,0.7647763303359266,0.2761120436423559,0.22799560892996135,0.590516553456141,0.0,Santa Barbara city
0.8342419993079082,0.646504291244938,0.04279813907509852,-0.009950380134783129,0.1900338831537994,0.0,Santa Cruz city
0.3141267670943881,4.395029169023912,0.590989515715414,1.2698725217273186,1.216339025232696,0.0,Santa Monica city
-0.8248852724429839,-0.3858740664297835,-0.042631480864381406,-0.04235569176464016,-0.08708640214687854,0.0,Santee city
0.719332820097934,0.5846945129022766,-0.25788054426154927,-0.354695112563356,-0.25682739372359503,0.0,Saranap CDP
0.5459610760267696,1.6239521365604557,-0.2182410436385034,-0.28472774976814363,-0.07295859568405842,0.0,Sausalito city
0.8342419993079082,0.5731468439944315,-0.29051347583016857,-0.3551137995348918,-0.2548374133571275,0.0,Seacliff CDP
-1.0187180852977673,1.4080516260736642,-0.1305023851337863,-0.22126293129710467,-0.0877223994034953,0.0,Seal Beach city
-2.1775880663006353,-0.7984031486691131,-0.28522111344234424,-0.3372780878698041,-0.2566517038737009,0.0,Shasta Lake city
0.31412676709437914,1.0295298119574525,-0.21295841901993895,-0.3492302759483815,-0.24665378014905887,0.0,Sierra Madre city
-0.7906141137312395,-0.813372359727169,-0.2888397896614035,-0.35485340097116025,-0.25682387992659717,0.0,Silver Lakes CDP
-0.8248852724429839,1.6393531682231053,-0.20457744277938808,-0.2669482163549329,-0.12915006600853157,0.0,Solana Beach city
0.6850616613861984,0.15870851264820118,-0.23544900788495052,-0.2649964637551321,-0.10488729773815197,0.0,Sonoma city
0.8342419993079082,0.18282888792085047,-0.24350395655561075,-0.24323322097140107,-0.22779406039575678,0.0,Soquel CDP
0.3141267670943881,1.5226870362316403,-0.0975627153104672,-0.271549179851422,-0.18790309434446117,0.0,South Pasadena city
0.3141267670943881,-0.14581145345596852,-0.12540831452817605,-0.31884314151802884,-0.234374230907125,0.0,South Whittier CDP
1.465234509706483,0.640776908559861,-0.25309586753162006,-0.29461547542082744,-0.1838212334985875,0.0,St. Helena city
-1.020432472151161,-0.00089066616712582,-0.1812567849035917,-0.17625920503091577,-0.17387718799457966,0.0,Stanton city
0.5459610760267696,1.0087084573131782,-0.16675017688174934,-0.3459977298702538,-0.23634312849160524,0.0,Tamalpais-Homestead Valley CDP
-0.28662648561735277,-0.7469795150146191,-0.3053410228355914,-0.3530620567131968,-0.2552660965908692,0.0,Tarpey Village CDP
-1.0022889175390768,-0.54250028221518,-0.1707437892186788,-0.34806360558550276,-0.25001062754770276,0.0,Temescal Valley CDP
-2.9900161228202045,-0.8128072997981717,-0.2951580348288223,-0.3568712248483258,-0.2568637029592398,0.0,Thermalito CDP
-1.0022889175390768,-0.7129078784140254,-0.29284491473562074,-0.3412405978999935,-0.22926165627520578,0.0,Thousand Palms CDP
0.5459629325963147,2.6891842315933783,-0.1847658477080758,-0.34572955821506757,-0.21647846279690874,0.0,Tiburon town
0.3141267670943881,1.2617721683101573,-0.24328916400793474,-0.35261121740882573,-0.22185808600066706,0.0,Topanga CDP
-0.7906141137312395,-0.8693728862452935,-0.25082221238353347,-0.3276020022980907,-0.18869369866898478,0.0,Twentynine Palms city
-0.8389969260301665,-0.6085477128149043,0.17441990852779432,0.2776518837541113,0.03366640295102421,0.0,Vacaville city
0.3141267670943881,-0.19527453678122264,-0.2520653390153767,-0.3539139168721613,-0.2516433718860522,0.0,Valinda CDP
-1.0022889175390768,-0.7725935273825477,-0.25580476438560074,-0.33399325008552677,-0.2535150544202577,0.0,Valle Vista CDP
0.3141267670943881,0.38644564016820654,-0.2472680666711949,-0.33544575822053424,-0.2416021113317696,0.0,View Park-Windsor Hills CDP
-1.02043247215117,0.4514278546778544,-0.25411564186601254,-0.3456285080261568,-0.2523531588796245,0.0,Villa Park city
0.719332820097934,-0.3673479118438616,-0.29834365232742144,-0.3475173692496425,-0.2561773412789868,0.0,Vine Hill CDP
-0.7986779157810696,-0.6588833274582496,-0.146516448848378,-0.3095270914096024,-0.24498941163772844,0.0,Vineyard CDP
0.719332820097934,0.3438104084253373,0.30481182723807393,0.5268359964506197,0.1756659672294573,0.0,Walnut Creek city
0.3141267670943881,0.11948765007200766,-0.21195364914102188,-0.2679753243939664,-0.19421504501832434,0.0,West Carson CDP
-0.21002036614405153,-0.741127522072074,-0.30520706684409915,-0.3522331625062575,-0.25941940464236646,0.0,West Modesto CDP
0.3141267670943881,-0.3136512945980858,-0.24856157182141903,-0.28181142718328556,-0.22930147930784844,0.0,West Rancho Dominguez CDP
0.3141267670943881,-0.17618954477510285,-0.23269931039810512,-0.31737190729906245,-0.22976647177723492,0.0,West Whittier-Los Nietos CDP
0.31418984173552217,0.5631509991418405,-0.2239876347575939,-0.23626181790357528,-0.1071291002228011,0.0,Westlake Village city
-2.5848100698166587,-0.7620204099935264,-0.3032301799253906,-0.35208229386756906,-0.2575828600781398,0.0,Wheatland city
0.3141267670943881,-0.43833495093623054,-0.27294444338053414,-0.33669086614263743,-0.23330369408843676,0.0,Willowbrook CDP
-1.0022889175390768,-0.7543987106872939,-0.3094202954421768,-0.33201959150071736,-0.2479702827575989,0.0,Winchester CDP
0.6850616613861984,-0.43644299242834256,-0.16028975752609578,-0.23710378503705198,-0.19112641745718553,0.0,Windsor town
-0.8248852724429839,-0.45353918574430785,-0.22486200424285452,-0.3240871516712228,-0.2414908410935033,0.0,Winter Gardens CDP
-0.5890190624856919,-0.605843634309914,-0.2920096615036768,-0.35233986585258986,-0.2576039428601271,0.0,Woodbridge CDP
-0.7906141137312305,-0.6948899040995672,-0.2928890458490254,-0.35384219243737497,-0.2539566215763249,0.0,Wrightwood CDP
1.465234509706483,0.6288375774364909,-0.29457772699593854,-0.34618216413113284,-0.0749954266771644,0.0,Yountville city
-0.7906141137312395,-0.8480042635708454,-0.23682035426357753,-0.21558928117987056,-0.20273014640985995,0.0,Yucca Valley town
